run	did	lenient	committed	amount	amount_le_2	amounts	donate_turn
legacy	20180828-164559_390_live	True	True	True	False	[50.0]	I have decided to donate $50 to Save the Children, I believe in the cause and the impact it will have on children's lives.
legacy	20180828-190212_442_live	True	True	False	False	[]	I think I want to donate. How much should I donate? Is there a recommended amount?
legacy	20180828-185320_572_live	False	False	False	False	[]	Together, we can make a big impact in the world and help those in need. Thank you for bringing this charity to my attention and making it easy for me to donate. I appreciate it.
legacy	20180828-213210_462_live	False	False	False	False	[]	Thank you, I will keep that in mind. Have a good day.
legacy	20180828-161442_405_live	False	False	False	False	[]	Thank you, it's been great working with you too. I am passionate about helping vulnerable children and I'm glad that my donation will make a real difference in their lives. I look forward to continuing to support the work of Save the Children and making a positive impact in the world.
legacy	20180828-163111_795_live	True	True	True	False	[10.0]	I have decided to donate $10 to this charity. I'm glad I could help make a difference in the lives of children in need.
legacy	20180828-144300_705_live	False	False	False	False	[]	Thank you again. I will definitely keep that in mind.
legacy	20180828-155340_989_live	True	True	False	False	[]	That's great! I think I'll go ahead and make a donation now. Thank you for sharing this charity with me and for the information on how to get involved. I'm excited to make a difference in the lives of these children.
legacy	20180828-145857_925_live	True	True	True	False	[5.0]	Great, I will donate 5 dollars to Save the Children through their website. It's a small amount but I hope it will make a difference in the life of a child.
legacy	20180828-190447_206_live	True	False	False	False	[]	Thank you for the information. I will definitely consider donating. And thank you for the encouragement.
noemo	20180828-164559_390_live	True	True	True	False	[50.0]	Thank you for your information. I will go ahead and make a donation of $50 to support Save the Children's mission. Thank you for raising awareness for this important cause.
noemo	20180828-190212_442_live	True	True	True	False	[5.0]	I have decided to donate $5 to Save the Children. I want to make a difference and help vulnerable children, and I'm glad to support this cause. Thank you for bringing it to my attention and for all your hard work.
noemo	20180828-185320_572_live	True	True	True	False	[5.0]	Yes, it's a small step but it's a start. Thank you for bringing this charity to my attention. I appreciate it.
noemo	20180828-213210_462_live	True	True	True	False	[5.0]	Alright, I'll donate $5. I hope it will make a difference for the children.
noemo	20180828-161442_405_live	True	True	True	False	[5.0]	I will donate 5 dollars to Save the Children and feel good about making a small difference in the life of a child in need.
noemo	20180828-163111_795_live	True	True	True	False	[5.0]	I have decided to donate $5 to Save the Children. I believe that even a small amount can make a difference and I want to do my part in helping children in need. Thank you for bringing this to my attention and for the reminder of the importance of supporting children's rights and wellbeing.
noemo	20180828-144300_705_live	True	False	False	False	[]	Thank you for the information and for giving me the opportunity to make a difference. I will consider donating and will be in touch with you soon.
noemo	20180828-155340_989_live	True	True	True	False	[100.0]	I'm glad I could help. Thank you for bringing this charity to my attention and for providing me with information on how my donation will be used effectively.
noemo	20180828-145857_925_live	True	True	True	False	[10.0]	Great, I appreciate the transparency. I think I'll donate $10 to Save the Children. It's a good cause and I trust that they will use the donations effectively.
noemo	20180828-190447_206_live	True	True	False	False	[]	Thank you for providing the information. I will definitely make a donation through their website. It's important to help those in need and I appreciate the work that Save the Children does for children around the world.
bias	20180828-164559_390_live	True	True	False	False	[]	Thank you, I have made my decision to donate. I am grateful for the information you provided and the work that Save the Children does for children in need.
bias	20180828-190212_442_live	True	True	False	False	[]	Yes, I would like to make a donation now. Let's get started.
bias	20180828-185320_572_live	True	True	False	False	[]	Yes, I have decided to donate. I believe in the cause and I trust Save the Children as an organization. I will make a donation to support the children in need and make a difference in their lives. Thank you for sharing this information with me and for helping to raise awareness about this important cause.
bias	20180828-213210_462_live	False	False	False	False	[]	I'll definitely keep that in mind. Thank you again for sharing this with me.
bias	20180828-161442_405_live	True	True	True	False	[50.0]	Alright, I have decided to donate $50 to Save the Children. I believe in the cause and I am happy to help make a difference in the lives of children in need. Thank you for bringing this to my attention and for your efforts to ensure that my donation will be used effectively.
bias	20180828-163111_795_live	True	True	False	False	[]	I will definitely donate to Save the Children to help make a positive impact in the lives of children in need. Thank you for your help in providing the information.
bias	20180828-144300_705_live	True	True	True	False	[5.0]	Yes, I will make a donation of 5 dollars to Save the Children. Thank you for providing all this information and for your patience with me.
bias	20180828-155340_989_live	True	True	True	True	[1]	Yes, I'm ready. Let's do it. And thank you again for sharing this charity with me. I'm glad I found out about it.
bias	20180828-145857_925_live	True	True	False	False	[]	Alright, I want to donate. I believe in the cause and I want to make a difference in a child's life. Can you tell me how to get started with the Child Sponsorship program?
bias	20180828-190447_206_live	True	True	True	False	[5.0]	Thank you again for providing the information. I have decided to donate $5 to Save the Children. I believe in the cause and I hope it will make a positive impact on the lives of children in need.
momentum	20180828-164559_390_live	True	True	False	False	[]	I understand the importance of this charity and I would like to donate to it. Can you tell me the process on how to make a donation?
momentum	20180828-190212_442_live	True	False	False	False	[]	That's good to know. I appreciate the transparency of the organization. I'll definitely check out their website and consider making a donation. Thank you for bringing this to my attention.
momentum	20180828-185320_572_live	True	True	True	False	[10.0]	I would like to donate 10 dollars to this charity.
momentum	20180828-213210_462_live	False	False	False	False	[]	Thank you for your time and information. I will think about it.
momentum	20180828-161442_405_live	True	True	True	False	[20.0]	Thank you, I am ready to donate 20 dollars. I want to help as many children as I can.
momentum	20180828-163111_795_live	True	True	True	False	[5.0]	I will go ahead and donate 5 dollars to this charity. Thank you for bringing it to my attention.
momentum	20180828-144300_705_live	True	True	True	False	[5.0]	I would like to donate 5 dollars to Save the Children, I believe it's important to help children and this charity seems trustworthy.
momentum	20180828-155340_989_live	True	True	True	False	[5.0]	Thank you for your persistence in spreading awareness about this charity. I have decided to make a donation of $5 to Save the Children. I hope it makes a positive impact on the lives of children in need.
momentum	20180828-145857_925_live	False	False	False	False	[]	I understand and I will definitely consider it. Thank you for your time and information.
momentum	20180828-190447_206_live	True	True	True	False	[50.0]	I'm glad to hear about this campaign and I would like to contribute to it. I believe that education is a fundamental right and it's crucial for the development of a nation. I would like to contribute 50 dollars to this campaign.
centre	20180828-164559_390_live	True	True	True	False	[50.0]	Yes, I will donate through their website. Thank you for your hard work in organizing and promoting this charity. It's important to help those in need and I'm glad I can contribute.
centre	20180828-190212_442_live	True	True	False	False	[]	Thank you, I will definitely check out their website and make a donation. It's important to help those in need, especially children who are vulnerable and have no voice. I am glad that I can contribute to their cause and make a positive impact on their lives.
centre	20180828-185320_572_live	True	True	True	False	[25.0]	Yes, I'm glad to make a small donation and I think it's important to help these children. We all have the responsibility to make the world a better place.
centre	20180828-213210_462_live	True	True	True	False	[50.0]	Yes, I am happy to donate to this charity. I believe that it is important to help those in need and I am glad that my donation can help make a difference in the lives of children in developing countries.
centre	20180828-161442_405_live	True	True	True	False	[10.0]	I would like to donate 10 dollars to this cause, I believe it will make a real difference in the lives of children in need.
centre	20180828-163111_795_live	True	True	True	False	[10.0]	I would like to donate 10 dollars to Save the Children as it aligns with my values of helping children and making a positive impact in the world. I would like to support their education and healthcare projects specifically as I believe they can make the most difference in a child's life. Can you guide me through the process of making a donation?
centre	20180828-144300_705_live	False	False	False	False	[]	Thank you for your persistence and information provided. I will keep it in mind for future consideration.
centre	20180828-155340_989_live	False	False	False	False	[]	Thank you, you too!
centre	20180828-145857_925_live	True	True	True	False	[5.0]	Thank you. I will donate online, I think.
centre	20180828-190447_206_live	True	True	True	False	[20.0]	I will make a donation of 20 dollars to Save the Children.
actpool	20180828-164559_390_live	False	False	False	False	[]	Thank you for the information about the charity's transparency and accountability. I will definitely keep that in mind as I consider making a donation. I also appreciate your reminder of the charity's strong track record and high rating from independent evaluators. These factors are important to me when choosing a charity to support.
actpool	20180828-190212_442_live	True	True	False	False	[]	That sounds like a very reputable and effective organization. I would like to donate to Save the Children and help make a difference in the lives of children in need.
actpool	20180828-185320_572_live	True	True	False	False	[]	I would like to donate to Save the Children and support their efforts in helping children in need. I appreciate the work they do in promoting children's rights and providing relief, and I believe that even a small donation can make a difference. I would like to find out more about their specific projects and initiatives, and how I can help support their efforts. Thank you for bringing this charity to my attention.
actpool	20180828-213210_462_live	False	False	False	False	[50.0]	That sounds good, I am convinced. I will donate $50 to Save the Children. I believe that this organization is making a real difference in the lives of children and I am happy to be able to contribute to their work.
actpool	20180828-161442_405_live	True	True	False	False	[]	Yes, I would like to make a donation today. How can I go about doing that?
actpool	20180828-163111_795_live	False	False	False	False	[]	Thank you for the reminder, I understand the impact that even a small donation can have. I will continue to consider it and let you know if I decide to donate. Thank you for your help and support.
actpool	20180828-144300_705_live	True	True	False	False	[]	I will definitely donate and make a difference in the life of a child. Thank you for bringing this charity to my attention.
actpool	20180828-155340_989_live	False	False	False	False	[]	Thank you, I will look into making a donation.
actpool	20180828-145857_925_live	True	True	False	False	[]	I'm ready to make the donation now. Can you guide me through the process?
actpool	20180828-190447_206_live	True	True	True	False	[10.0]	I am going to donate 10 dollars to this charity. I believe in helping those in need and I trust that this charity will use the donations efficiently.
affpool	20180828-164559_390_live	True	True	True	False	[100.0]	I would like to donate $100 to this charity. I feel that it is important to help those in need and this cause aligns with my values of caring for vulnerable people and promoting justice and morality.
affpool	20180828-190212_442_live	True	True	False	False	[]	Yes, I would like to donate to this cause. I'll look into the options for online and mail donations, and I will also share information about Save the Children with my network. Thank you for bringing this to my attention and for the work that you and Save the Children are doing to make a difference in the lives of children.
affpool	20180828-185320_572_live	True	True	True	False	[10.0]	Thank you again for bringing this to my attention. I have decided to donate $10 to Save the Children. I believe it's important to support causes that help children and make a positive impact on the world. Thank you for your efforts in raising awareness for this charity.
affpool	20180828-213210_462_live	True	True	False	False	[]	That's great to know. I would like to donate and make a difference in the life of a child. I'll set up a recurring donation of 50$ a month, so my donation can have a continuous impact. Thank you for informing me about the organization and its work.
affpool	20180828-161442_405_live	True	True	False	False	[]	Great, I'll definitely check out their website and make a donation. I want to make a difference in the lives of these children and I trust that Save the Children is a reliable organization that will use my donation wisely.
affpool	20180828-163111_795_live	True	True	True	False	[50.0]	Thank you. I am glad that I could help in this way. I appreciate the work that Save the Children is doing and I hope that my donation will make a positive impact on the lives of the children.
affpool	20180828-144300_705_live	True	True	False	False	[]	I am moved by the work that Save the Children is doing and I want to contribute to their cause. I will donate 50$ to support their efforts in helping children in need. Thank you for bringing this to my attention and for providing me with the information I needed to make an informed decision.
affpool	20180828-155340_989_live	True	True	True	False	[50.0]	I do agree. I think I will donate 50 dollars to Save the Children this year. I want to make a small contribution to this great cause.
affpool	20180828-145857_925_live	False	False	False	False	[]	Thank you. It's important to stand up for what we believe in and make a difference. I'm glad to be a part of this important work.
affpool	20180828-190447_206_live	True	True	True	False	[5.0]	Yes, I completely agree. I would like to donate 5 dollars to Save the Children and make a difference in the life of a child in need. Thank you for bringing this to my attention and for providing me with the information I needed to make an informed decision.
